Date,Open,High,Low,Close,Adj Close,Volume
2014-01-02 00:00:00-05:00,22.280000686645508,22.280000686645508,22.0049991607666,22.084999084472656,18.404335021972656,2300600
2014-01-03 00:00:00-05:00,22.165000915527344,22.325000762939453,22.094999313354492,22.270000457763672,18.558509826660156,2266200
2014-01-06 00:00:00-05:00,22.2549991607666,22.344999313354492,22.165000915527344,22.225000381469727,18.521007537841797,2725400
2014-01-07 00:00:00-05:00,22.350000381469727,22.530000686645508,22.229999542236328,22.350000381469727,18.625167846679688,3036200
2014-01-08 00:00:00-05:00,22.375,22.684999465942383,22.270000457763672,22.645000457763672,18.87100601196289,3901800
2014-01-09 00:00:00-05:00,22.639999389648438,22.75,22.434999465942383,22.610000610351562,18.841840744018555,2863400
2014-01-10 00:00:00-05:00,22.690000534057617,22.735000610351562,22.44499969482422,22.53499984741211,18.779338836669922,3139800
2014-01-13 00:00:00-05:00,22.485000610351562,22.920000076293945,22.475000381469727,22.575000762939453,18.812671661376953,4461000
2014-01-14 00:00:00-05:00,22.704999923706055,23.065000534057617,22.6299991607666,23.05500030517578,19.212678909301758,3777800
2014-01-15 00:00:00-05:00,23.049999237060547,23.200000762939453,22.985000610351562,23.170000076293945,19.308509826660156,2445600
2014-01-16 00:00:00-05:00,23.155000686645508,23.18000030517578,23.0,23.135000228881836,19.279346466064453,11764600
2014-01-17 00:00:00-05:00,23.0,23.364999771118164,22.975000381469727,23.100000381469727,19.250173568725586,4822600
2014-01-21 00:00:00-05:00,23.299999237060547,23.315000534057617,23.0,23.125,19.27100944519043,2830400
2014-01-22 00:00:00-05:00,23.149999618530273,23.25,23.010000228881836,23.030000686645508,19.19184684753418,4628800
2014-01-23 00:00:00-05:00,22.989999771118164,23.05500030517578,22.454999923706055,22.4950008392334,18.74600601196289,7144600
2014-01-24 00:00:00-05:00,22.385000228881836,22.450000762939453,22.020000457763672,22.040000915527344,18.366836547851562,4075600
2014-01-27 00:00:00-05:00,22.09000015258789,22.235000610351562,21.934999465942383,22.030000686645508,18.358505249023438,2680400
2014-01-28 00:00:00-05:00,22.079999923706055,22.530000686645508,22.010000228881836,22.524999618530273,18.771007537841797,4595200
2014-01-29 00:00:00-05:00,22.334999084472656,22.684999465942383,22.2549991607666,22.30500030517578,18.587669372558594,4020200
2014-01-30 00:00:00-05:00,22.514999389648438,22.81999969482422,22.3799991607666,22.68000030517578,18.900177001953125,5854000
2014-01-31 00:00:00-05:00,22.434999465942383,22.635000228881836,22.040000915527344,22.43000030517578,18.691835403442383,5760000
2014-02-03 00:00:00-05:00,22.475000381469727,22.4950008392334,21.709999084472656,21.809999465942383,18.175167083740234,12269000
2014-02-04 00:00:00-05:00,21.860000610351562,21.895000457763672,21.59000015258789,21.80500030517578,18.17099952697754,13090200
2014-02-05 00:00:00-05:00,21.739999771118164,21.934999465942383,21.56999969482422,21.850000381469727,18.208498001098633,2811400
2014-02-06 00:00:00-05:00,21.8799991607666,22.03499984741211,21.774999618530273,21.854999542236328,18.21266746520996,12919800
2014-02-07 00:00:00-05:00,22.020000457763672,22.235000610351562,21.905000686645508,22.219999313354492,18.516836166381836,14068600
2014-02-10 00:00:00-05:00,22.30500030517578,22.440000534057617,22.219999313354492,22.3799991607666,18.650171279907227,2538600
2014-02-11 00:00:00-05:00,22.229999542236328,22.46500015258789,22.084999084472656,22.424999237060547,18.687667846679688,3757600
2014-02-12 00:00:00-05:00,23.4950008392334,23.4950008392334,22.43000030517578,22.774999618530273,18.979345321655273,3701000
2014-02-13 00:00:00-05:00,22.665000915527344,22.924999237060547,22.604999542236328,22.905000686645508,19.087675094604492,2868200
2014-02-14 00:00:00-05:00,22.8799991607666,22.96500015258789,22.770000457763672,22.8799991607666,19.066837310791016,2740600
2014-02-18 00:00:00-05:00,22.674999237060547,22.795000076293945,22.600000381469727,22.75,18.958511352539062,3326800
2014-02-19 00:00:00-05:00,22.3700008392334,22.68000030517578,22.325000762939453,22.450000762939453,18.855619430541992,3457400
2014-02-20 00:00:00-05:00,22.46500015258789,22.625,22.299999237060547,22.600000381469727,18.98160171508789,4713000
2014-02-21 00:00:00-05:00,22.625,22.739999771118164,22.514999389648438,22.6299991607666,19.00680160522461,2808800
2014-02-24 00:00:00-05:00,22.704999923706055,22.834999084472656,22.625,22.635000228881836,19.011001586914062,4448800
2014-02-25 00:00:00-05:00,22.704999923706055,22.764999389648438,22.40999984741211,22.670000076293945,19.040393829345703,6560600
2014-02-26 00:00:00-05:00,22.690000534057617,23.020000457763672,22.559999465942383,22.764999389648438,19.120180130004883,4614000
2014-02-27 00:00:00-05:00,22.729999542236328,22.860000610351562,22.0049991607666,22.80500030517578,19.153779983520508,3757600
2014-02-28 00:00:00-05:00,22.844999313354492,22.924999237060547,22.604999542236328,22.774999618530273,19.128582000732422,2124200
2014-03-03 00:00:00-05:00,22.579999923706055,22.649999618530273,22.260000228881836,22.475000381469727,18.876617431640625,2285200
2014-03-04 00:00:00-05:00,22.475000381469727,23.174999237060547,22.395000457763672,23.155000686645508,19.447742462158203,6207800
2014-03-05 00:00:00-05:00,23.075000762939453,23.309999465942383,23.040000915527344,23.274999618530273,19.548534393310547,4348600
2014-03-06 00:00:00-05:00,23.264999389648438,23.485000610351562,23.209999084472656,23.325000762939453,19.590526580810547,2456600
2014-03-07 00:00:00-05:00,23.420000076293945,23.434999465942383,23.229999542236328,23.290000915527344,19.561128616333008,3001600
2014-03-10 00:00:00-04:00,23.280000686645508,23.360000610351562,23.100000381469727,23.2549991607666,19.53173828125,1688400
2014-03-11 00:00:00-04:00,23.299999237060547,23.360000610351562,23.020000457763672,23.100000381469727,19.40155601501465,1323600
2014-03-12 00:00:00-04:00,23.024999618530273,23.30500030517578,22.899999618530273,23.209999084472656,19.493940353393555,2134000
2014-03-13 00:00:00-04:00,23.329999923706055,23.420000076293945,23.010000228881836,23.079999923706055,19.38475227355957,6320600
2014-03-14 00:00:00-04:00,23.084999084472656,23.170000076293945,22.96500015258789,23.03499984741211,19.34695816040039,3759400
2014-03-17 00:00:00-04:00,23.084999084472656,23.420000076293945,23.084999084472656,23.344999313354492,19.60732650756836,2149400
2014-03-18 00:00:00-04:00,23.395000457763672,23.700000762939453,23.299999237060547,23.69499969482422,19.901288986206055,2082800
2014-03-19 00:00:00-04:00,23.625,23.84000015258789,23.5049991607666,23.635000228881836,19.850893020629883,2346600
2014-03-20 00:00:00-04:00,23.584999084472656,24.05500030517578,23.510000228881836,24.045000076293945,20.195255279541016,2423000
2014-03-21 00:00:00-04:00,24.235000610351562,24.235000610351562,23.709999084472656,23.725000381469727,19.92648696899414,4167000
2014-03-24 00:00:00-04:00,23.825000762939453,23.844999313354492,23.524999618530273,23.770000457763672,19.96428871154785,2465200
2014-03-25 00:00:00-04:00,23.84000015258789,24.0,23.719999313354492,23.829999923706055,20.014673233032227,2445200
2014-03-26 00:00:00-04:00,23.920000076293945,24.049999237060547,23.53499984741211,23.575000762939453,19.800500869750977,2689600
2014-03-27 00:00:00-04:00,23.540000915527344,23.614999771118164,23.1299991607666,23.225000381469727,19.50653648376465,3432000
2014-03-28 00:00:00-04:00,23.299999237060547,23.6299991607666,23.239999771118164,23.459999084472656,19.703914642333984,1571000
2014-03-31 00:00:00-04:00,23.635000228881836,23.94499969482422,23.635000228881836,23.8799991607666,20.05666732788086,3041600
2014-04-01 00:00:00-04:00,23.989999771118164,24.020000457763672,23.80500030517578,23.924999237060547,20.094463348388672,2906800
2014-04-02 00:00:00-04:00,23.924999237060547,24.145000457763672,23.799999237060547,24.135000228881836,20.270841598510742,3464600
2014-04-03 00:00:00-04:00,24.25,24.514999389648438,24.145000457763672,24.28499984741211,20.396814346313477,3357400
2014-04-04 00:00:00-04:00,24.5049991607666,24.5049991607666,23.4950008392334,23.59000015258789,19.813100814819336,3383000
2014-04-07 00:00:00-04:00,23.584999084472656,23.75,23.315000534057617,23.454999923706055,19.69971466064453,3109200
2014-04-08 00:00:00-04:00,23.454999923706055,23.864999771118164,23.424999237060547,23.795000076293945,19.985275268554688,2226600
2014-04-09 00:00:00-04:00,23.94499969482422,24.18000030517578,23.8700008392334,24.155000686645508,20.28764533996582,2574600
2014-04-10 00:00:00-04:00,24.15999984741211,24.21500015258789,23.479999542236328,23.479999542236328,19.72071647644043,2830200
2014-04-11 00:00:00-04:00,23.28499984741211,23.530000686645508,23.165000915527344,23.229999542236328,19.510730743408203,3224200
2014-04-14 00:00:00-04:00,23.485000610351562,23.7450008392334,23.084999084472656,23.299999237060547,19.56952667236328,2670800
2014-04-15 00:00:00-04:00,23.334999084472656,23.645000457763672,23.200000762939453,23.584999084472656,19.808900833129883,2413800
2014-04-16 00:00:00-04:00,23.614999771118164,23.614999771118164,22.834999084472656,23.225000381469727,19.50653648376465,3745000
2014-04-17 00:00:00-04:00,23.274999618530273,23.795000076293945,23.25,23.665000915527344,19.87609100341797,2688400
2014-04-21 00:00:00-04:00,23.6299991607666,23.885000228881836,23.479999542236328,23.799999237060547,19.989479064941406,1979200
2014-04-22 00:00:00-04:00,23.94499969482422,24.030000686645508,23.80500030517578,23.950000762939453,20.11545753479004,2127200
2014-04-23 00:00:00-04:00,23.96500015258789,24.125,23.889999389648438,24.020000457763672,20.174257278442383,2107400
2014-04-24 00:00:00-04:00,24.155000686645508,24.229999542236328,23.934999465942383,24.19499969482422,20.321229934692383,4878600
2014-04-25 00:00:00-04:00,24.094999313354492,24.165000915527344,23.520000457763672,23.579999923706055,19.804704666137695,5131400
2014-04-28 00:00:00-04:00,23.690000534057617,23.899999618530273,23.28499984741211,23.469999313354492,19.71231460571289,3486200
2014-04-29 00:00:00-04:00,23.600000381469727,23.850000381469727,23.469999313354492,23.649999618530273,19.863492965698242,3006800
2014-04-30 00:00:00-04:00,23.614999771118164,23.78499984741211,23.440000534057617,23.770000457763672,19.96428871154785,2949200
2014-05-01 00:00:00-04:00,23.78499984741211,23.885000228881836,23.280000686645508,23.329999923706055,19.594730377197266,4162200
2014-05-02 00:00:00-04:00,23.260000228881836,23.575000762939453,23.260000228881836,23.385000228881836,19.64092254638672,2883600
2014-05-05 00:00:00-04:00,23.229999542236328,23.415000915527344,23.06999969482422,23.3799991607666,19.6367244720459,3343800
2014-05-06 00:00:00-04:00,23.415000915527344,23.584999084472656,23.104999542236328,23.174999237060547,19.46453857421875,3876200
2014-05-07 00:00:00-04:00,23.2450008392334,23.479999542236328,22.875,23.44499969482422,19.691316604614258,4220200
2014-05-08 00:00:00-04:00,23.354999542236328,23.8700008392334,23.30500030517578,23.540000915527344,19.771102905273438,2566000
2014-05-09 00:00:00-04:00,23.56999969482422,23.600000381469727,23.204999923706055,23.440000534057617,19.687118530273438,3196800
2014-05-12 00:00:00-04:00,23.53499984741211,23.8700008392334,23.514999389648438,23.834999084472656,20.018869400024414,2710600
2014-05-13 00:00:00-04:00,23.860000610351562,23.899999618530273,23.44499969482422,23.44499969482422,19.691316604614258,3011400
2014-05-14 00:00:00-04:00,23.5,23.5,23.219999313354492,23.225000381469727,19.50653648376465,2617600
2014-05-15 00:00:00-04:00,23.184999465942383,23.21500015258789,22.725000381469727,22.924999237060547,19.25457000732422,3034800
2014-05-16 00:00:00-04:00,22.920000076293945,23.235000610351562,22.84000015258789,23.200000762939453,19.48554039001465,3583800
2014-05-19 00:00:00-04:00,23.15999984741211,23.28499984741211,22.959999084472656,23.200000762939453,19.636198043823242,3236800
2014-05-20 00:00:00-04:00,23.200000762939453,23.2549991607666,22.940000534057617,23.0,19.466917037963867,2230200
2014-05-21 00:00:00-04:00,23.06999969482422,23.260000228881836,23.020000457763672,23.170000076293945,19.610807418823242,1983000
2014-05-22 00:00:00-04:00,23.225000381469727,23.55500030517578,23.145000457763672,23.219999313354492,19.65312385559082,3479400
2014-05-23 00:00:00-04:00,23.19499969482422,23.354999542236328,23.100000381469727,23.329999923706055,19.74622917175293,1991000
2014-05-27 00:00:00-04:00,23.434999465942383,23.625,23.329999923706055,23.610000610351562,19.983217239379883,2278600
2014-05-28 00:00:00-04:00,23.625,23.7450008392334,23.5,23.6299991607666,20.000146865844727,2154800
2014-05-29 00:00:00-04:00,23.719999313354492,23.780000686645508,23.55500030517578,23.655000686645508,20.02130699157715,7206400
2014-05-30 00:00:00-04:00,23.700000762939453,23.844999313354492,23.579999923706055,23.799999237060547,20.144033432006836,1913400
2014-06-02 00:00:00-04:00,23.524999618530273,23.739999771118164,23.40999984741211,23.625,19.995914459228516,2395000
2014-06-03 00:00:00-04:00,23.520000457763672,23.809999465942383,23.520000457763672,23.71500015258789,20.072086334228516,2689600
2014-06-04 00:00:00-04:00,23.575000762939453,23.889999389648438,23.55500030517578,23.8799991607666,20.211740493774414,1812400
2014-06-05 00:00:00-04:00,23.950000762939453,24.190000534057617,23.75,24.135000228881836,20.427568435668945,2662600
2014-06-06 00:00:00-04:00,24.25,24.469999313354492,24.165000915527344,24.325000762939453,20.588382720947266,4830600
2014-06-09 00:00:00-04:00,24.28499984741211,24.665000915527344,24.219999313354492,24.649999618530273,20.863460540771484,3252600
2014-06-10 00:00:00-04:00,24.56999969482422,24.7450008392334,24.524999618530273,24.709999084472656,20.91423988342285,7470600
2014-06-11 00:00:00-04:00,24.674999237060547,24.860000610351562,24.594999313354492,24.729999542236328,20.931169509887695,2863800
2014-06-12 00:00:00-04:00,24.610000610351562,24.774999618530273,24.485000610351562,24.579999923706055,20.804216384887695,2327800
2014-06-13 00:00:00-04:00,24.655000686645508,24.764999389648438,24.5,24.56999969482422,20.79574966430664,2007000
2014-06-16 00:00:00-04:00,24.454999923706055,24.604999542236328,24.30500030517578,24.434999465942383,20.681486129760742,3125600
2014-06-17 00:00:00-04:00,24.3799991607666,24.709999084472656,24.3799991607666,24.670000076293945,20.880386352539062,1927600
2014-06-18 00:00:00-04:00,24.69499969482422,24.719999313354492,24.325000762939453,24.604999542236328,20.825376510620117,2611800
2014-06-19 00:00:00-04:00,24.65999984741211,24.65999984741211,24.440000534057617,24.594999313354492,20.816909790039062,5523000
2014-06-20 00:00:00-04:00,24.655000686645508,24.729999542236328,24.575000762939453,24.68000030517578,20.888853073120117,4442600
2014-06-23 00:00:00-04:00,24.68000030517578,24.834999084472656,24.565000534057617,24.739999771118164,20.939634323120117,2010600
2014-06-24 00:00:00-04:00,24.735000610351562,24.795000076293945,24.350000381469727,24.3799991607666,20.63493537902832,3522000
2014-06-25 00:00:00-04:00,24.34000015258789,24.450000762939453,24.184999465942383,24.420000076293945,20.668790817260742,1678800
2014-06-26 00:00:00-04:00,24.415000915527344,24.434999465942383,24.014999389648438,24.219999313354492,20.499515533447266,1918200
2014-06-27 00:00:00-04:00,24.135000228881836,24.350000381469727,24.084999084472656,24.329999923706055,20.59261131286621,1669000
2014-06-30 00:00:00-04:00,24.325000762939453,24.450000762939453,24.28499984741211,24.405000686645508,20.656097412109375,1828400
2014-07-01 00:00:00-04:00,24.559999465942383,25.020000457763672,24.364999771118164,24.885000228881836,21.062358856201172,3517800
2014-07-02 00:00:00-04:00,24.81999969482422,24.934999465942383,24.75,24.799999237060547,20.990421295166016,1600400
2014-07-03 00:00:00-04:00,24.844999313354492,24.975000381469727,24.84000015258789,24.915000915527344,21.087757110595703,995000
2014-07-07 00:00:00-04:00,24.934999465942383,24.975000381469727,24.69499969482422,24.729999542236328,20.931169509887695,3276000
2014-07-08 00:00:00-04:00,24.729999542236328,24.780000686645508,24.549999237060547,24.649999618530273,20.863460540771484,2176200
2014-07-09 00:00:00-04:00,24.684999465942383,24.825000762939453,24.594999313354492,24.81999969482422,21.007343292236328,2013400
2014-07-10 00:00:00-04:00,24.469999313354492,24.81999969482422,24.325000762939453,24.635000228881836,20.850767135620117,2252400
2014-07-11 00:00:00-04:00,24.600000381469727,24.655000686645508,24.395000457763672,24.540000915527344,20.770357131958008,2477800
2014-07-14 00:00:00-04:00,24.69499969482422,24.75,24.485000610351562,24.540000915527344,20.770357131958008,2073600
2014-07-15 00:00:00-04:00,24.579999923706055,24.614999771118164,24.1200008392334,24.299999237060547,20.567224502563477,2918200
2014-07-16 00:00:00-04:00,24.415000915527344,24.55500030517578,24.360000610351562,24.375,20.630706787109375,2400000
2014-07-17 00:00:00-04:00,24.28499984741211,24.43000030517578,24.06999969482422,24.075000762939453,20.376789093017578,1814800
2014-07-18 00:00:00-04:00,24.200000762939453,24.424999237060547,24.174999237060547,24.270000457763672,20.541833877563477,2392400
2014-07-21 00:00:00-04:00,24.15999984741211,24.375,24.15999984741211,24.274999618530273,20.546066284179688,1460600
2014-07-22 00:00:00-04:00,24.420000076293945,24.524999618530273,24.30500030517578,24.440000534057617,20.68571662902832,2044800
2014-07-23 00:00:00-04:00,24.299999237060547,24.309999465942383,23.524999618530273,23.55500030517578,19.936664581298828,3365400
2014-07-24 00:00:00-04:00,23.600000381469727,23.760000228881836,23.55500030517578,23.594999313354492,19.970521926879883,2794400
2014-07-25 00:00:00-04:00,23.405000686645508,23.479999542236328,22.684999465942383,22.950000762939453,19.42460060119629,6479800
2014-07-28 00:00:00-04:00,22.989999771118164,23.084999084472656,22.635000228881836,23.065000534057617,19.521942138671875,3715400
2014-07-29 00:00:00-04:00,23.104999542236328,23.34000015258789,23.059999465942383,23.125,19.572721481323242,3221200
2014-07-30 00:00:00-04:00,23.235000610351562,23.30500030517578,23.024999618530273,23.125,19.572721481323242,2383400
2014-07-31 00:00:00-04:00,23.5,23.5,22.389999389648438,22.510000228881836,19.05218505859375,7424000
2014-08-01 00:00:00-04:00,23.575000762939453,23.575000762939453,22.834999084472656,23.020000457763672,19.48384666442871,5949800
2014-08-04 00:00:00-04:00,22.985000610351562,23.155000686645508,22.770000457763672,23.1200008392334,19.56848907470703,3306400
2014-08-05 00:00:00-04:00,23.049999237060547,23.270000457763672,22.959999084472656,23.104999542236328,19.5557918548584,2800600
2014-08-06 00:00:00-04:00,23.010000228881836,23.40999984741211,23.0,23.325000762939453,19.741994857788086,3919000
2014-08-07 00:00:00-04:00,23.264999389648438,23.450000762939453,22.719999313354492,22.78499984741211,19.284944534301758,4030600
2014-08-08 00:00:00-04:00,22.885000228881836,23.030000686645508,22.760000228881836,22.985000610351562,19.454227447509766,2786600
2014-08-11 00:00:00-04:00,23.104999542236328,23.329999923706055,22.989999771118164,23.135000228881836,19.581186294555664,1865000
2014-08-12 00:00:00-04:00,23.125,23.31999969482422,23.049999237060547,23.290000915527344,19.71237564086914,2294000
2014-08-13 00:00:00-04:00,23.315000534057617,23.510000228881836,23.2450008392334,23.510000228881836,19.898578643798828,2062200
2014-08-14 00:00:00-04:00,23.594999313354492,23.604999542236328,23.40999984741211,23.540000915527344,19.923969268798828,2009000
2014-08-15 00:00:00-04:00,23.65999984741211,23.84000015258789,23.424999237060547,23.684999465942383,20.046695709228516,1625800
2014-08-18 00:00:00-04:00,23.68000030517578,23.719999313354492,23.3700008392334,23.514999389648438,19.90281105041504,4244200
2014-08-19 00:00:00-04:00,23.3700008392334,23.559999465942383,23.34000015258789,23.524999618530273,20.063148498535156,2540200
2014-08-20 00:00:00-04:00,23.4950008392334,23.81999969482422,23.475000381469727,23.795000076293945,20.293405532836914,2943600
2014-08-21 00:00:00-04:00,23.850000381469727,23.90999984741211,23.684999465942383,23.895000457763672,20.37869644165039,2338400
2014-08-22 00:00:00-04:00,23.799999237060547,23.989999771118164,23.690000534057617,23.885000228881836,20.370166778564453,2066400
2014-08-25 00:00:00-04:00,24.0,24.0,23.790000915527344,23.854999542236328,20.344581604003906,2165200
2014-08-26 00:00:00-04:00,23.934999465942383,24.0,23.834999084472656,23.90999984741211,20.3914852142334,1271400
2014-08-27 00:00:00-04:00,23.93000030517578,23.969999313354492,23.665000915527344,23.829999923706055,20.323259353637695,1439200
2014-08-28 00:00:00-04:00,23.725000381469727,24.040000915527344,23.68000030517578,24.010000228881836,20.476774215698242,1791600
2014-08-29 00:00:00-04:00,24.145000457763672,24.440000534057617,24.1200008392334,24.415000915527344,20.822172164916992,4268800
2014-09-02 00:00:00-04:00,24.440000534057617,24.5,24.219999313354492,24.389999389648438,20.800851821899414,4049000
2014-09-03 00:00:00-04:00,24.344999313354492,24.420000076293945,24.2549991607666,24.28499984741211,20.711305618286133,2228400
2014-09-04 00:00:00-04:00,24.325000762939453,24.4950008392334,24.229999542236328,24.309999465942383,20.732622146606445,1858000
2014-09-05 00:00:00-04:00,24.360000610351562,24.424999237060547,24.229999542236328,24.424999237060547,20.830699920654297,1369200
2014-09-08 00:00:00-04:00,24.364999771118164,24.545000076293945,24.315000534057617,24.485000610351562,20.881877899169922,2338200
2014-09-09 00:00:00-04:00,24.4950008392334,24.510000228881836,24.274999618530273,24.30500030517578,20.72836685180664,1475200
2014-09-10 00:00:00-04:00,24.235000610351562,24.2549991607666,23.954999923706055,24.145000457763672,20.591907501220703,2557200
2014-09-11 00:00:00-04:00,24.075000762939453,24.280000686645508,24.014999389648438,24.190000534057617,20.630285263061523,1398200
2014-09-12 00:00:00-04:00,24.18000030517578,24.225000381469727,23.770000457763672,23.834999084472656,20.327524185180664,1944000
2014-09-15 00:00:00-04:00,23.90999984741211,23.969999313354492,23.6200008392334,23.655000686645508,20.174015045166016,1796400
2014-09-16 00:00:00-04:00,23.530000686645508,24.065000534057617,23.5049991607666,24.030000686645508,20.493831634521484,2108000
2014-09-17 00:00:00-04:00,24.06999969482422,24.375,23.975000381469727,24.204999923706055,20.643081665039062,2614800
2014-09-18 00:00:00-04:00,24.28499984741211,24.645000457763672,24.21500015258789,24.594999313354492,20.975683212280273,2168200
2014-09-19 00:00:00-04:00,24.700000762939453,24.700000762939453,24.19499969482422,24.21500015258789,20.65160369873047,2790000
2014-09-22 00:00:00-04:00,24.229999542236328,24.260000228881836,23.915000915527344,24.0,20.468244552612305,2383000
2014-09-23 00:00:00-04:00,23.950000762939453,24.155000686645508,23.7450008392334,23.75,20.255029678344727,4094400
2014-09-24 00:00:00-04:00,23.815000534057617,23.989999771118164,23.7450008392334,23.889999389648438,20.37443733215332,1619400
2014-09-25 00:00:00-04:00,23.885000228881836,23.920000076293945,23.46500015258789,23.674999237060547,20.191070556640625,2472200
2014-09-26 00:00:00-04:00,23.770000457763672,23.889999389648438,23.6200008392334,23.799999237060547,20.29767608642578,1580800
2014-09-29 00:00:00-04:00,23.59000015258789,23.875,23.59000015258789,23.760000228881836,20.263561248779297,3006400
2014-09-30 00:00:00-04:00,23.735000610351562,23.889999389648438,23.475000381469727,23.614999771118164,20.139896392822266,5166000
2014-10-01 00:00:00-04:00,23.575000762939453,23.6299991607666,22.950000762939453,23.03499984741211,19.645244598388672,6033000
2014-10-02 00:00:00-04:00,23.049999237060547,23.184999465942383,22.6200008392334,23.139999389648438,19.734800338745117,5362600
2014-10-03 00:00:00-04:00,23.225000381469727,23.389999389648438,23.049999237060547,23.065000534057617,19.670833587646484,4249800
2014-10-06 00:00:00-04:00,23.2549991607666,23.299999237060547,22.829999923706055,22.989999771118164,19.606876373291016,3367400
2014-10-07 00:00:00-04:00,22.790000915527344,23.0,22.459999084472656,22.46500015258789,19.159130096435547,4211400
2014-10-08 00:00:00-04:00,22.420000076293945,23.174999237060547,22.354999542236328,23.100000381469727,19.700685501098633,4756200
2014-10-09 00:00:00-04:00,23.079999923706055,23.149999618530273,22.7450008392334,22.770000457763672,19.419246673583984,5231400
2014-10-10 00:00:00-04:00,20.149999618530273,20.53499984741211,19.510000228881836,19.979999542236328,17.039817810058594,27492800
2014-10-13 00:00:00-04:00,19.885000228881836,20.030000686645508,19.059999465942383,19.344999313354492,16.498254776000977,12524800
2014-10-14 00:00:00-04:00,19.53499984741211,19.825000762939453,18.94499969482422,19.104999542236328,16.29357147216797,13544600
2014-10-15 00:00:00-04:00,18.729999542236328,19.200000762939453,18.524999618530273,18.864999771118164,16.088891983032227,9553800
2014-10-16 00:00:00-04:00,18.485000610351562,19.920000076293945,18.459999084472656,19.594999313354492,16.711467742919922,12413600
2014-10-17 00:00:00-04:00,19.81999969482422,20.010000228881836,19.15999984741211,19.19499969482422,16.370336532592773,7293600
2014-10-20 00:00:00-04:00,19.114999771118164,19.575000762939453,19.0,19.559999465942383,16.68161964416504,7313600
2014-10-21 00:00:00-04:00,19.795000076293945,20.329999923706055,19.735000610351562,20.295000076293945,17.308460235595703,7921600
2014-10-22 00:00:00-04:00,20.375,20.415000915527344,19.979999542236328,19.985000610351562,17.044078826904297,4278800
2014-10-23 00:00:00-04:00,20.104999542236328,20.424999237060547,20.09000015258789,20.170000076293945,17.201854705810547,3882000
2014-10-24 00:00:00-04:00,20.145000457763672,20.579999923706055,20.145000457763672,20.520000457763672,17.500349044799805,3510000
2014-10-27 00:00:00-04:00,20.475000381469727,20.6299991607666,20.264999389648438,20.584999084472656,17.555788040161133,6338800
2014-10-28 00:00:00-04:00,20.635000228881836,20.950000762939453,20.514999389648438,20.940000534057617,17.85854721069336,3748600
2014-10-29 00:00:00-04:00,20.850000381469727,21.135000228881836,20.604999542236328,21.110000610351562,18.003522872924805,8774800
2014-10-30 00:00:00-04:00,20.940000534057617,20.940000534057617,20.229999542236328,20.545000076293945,17.52167510986328,7155200
2014-10-31 00:00:00-04:00,22.56999969482422,22.56999969482422,21.270000457763672,21.55500030517578,18.38304328918457,14865000
2014-11-03 00:00:00-05:00,21.549999237060547,21.850000381469727,21.46500015258789,21.604999542236328,18.425689697265625,4412000
2014-11-04 00:00:00-05:00,21.59000015258789,21.739999771118164,21.299999237060547,21.440000534057617,18.284963607788086,3113200
2014-11-05 00:00:00-05:00,21.520000457763672,21.809999465942383,21.389999389648438,21.795000076293945,18.587726593017578,2559400
2014-11-06 00:00:00-05:00,21.850000381469727,21.9950008392334,21.579999923706055,21.7549991607666,18.55361557006836,3736000
2014-11-07 00:00:00-05:00,21.770000457763672,21.790000915527344,21.354999542236328,21.56999969482422,18.395835876464844,4179800
2014-11-10 00:00:00-05:00,21.610000610351562,21.81999969482422,21.510000228881836,21.7450008392334,18.545085906982422,2645200
2014-11-11 00:00:00-05:00,21.80500030517578,21.829999923706055,21.610000610351562,21.690000534057617,18.498180389404297,2319400
2014-11-12 00:00:00-05:00,21.6299991607666,21.78499984741211,21.5049991607666,21.690000534057617,18.498180389404297,7514200
2014-11-13 00:00:00-05:00,21.774999618530273,21.864999771118164,21.415000915527344,21.44499969482422,18.289228439331055,3275600
2014-11-14 00:00:00-05:00,21.399999618530273,21.690000534057617,21.30500030517578,21.68000030517578,18.489648818969727,2865200
2014-11-17 00:00:00-05:00,21.665000915527344,21.829999923706055,21.5049991607666,21.829999923706055,18.617572784423828,3272600
2014-11-18 00:00:00-05:00,21.795000076293945,22.110000610351562,21.75,22.014999389648438,18.775348663330078,7633200
2014-11-19 00:00:00-05:00,21.799999237060547,21.905000686645508,21.514999389648438,21.575000762939453,18.550512313842773,2960600
2014-11-20 00:00:00-05:00,21.514999389648438,21.78499984741211,21.399999618530273,21.6200008392334,18.589197158813477,2609000
2014-11-21 00:00:00-05:00,21.954999923706055,21.9950008392334,21.639999389648438,21.889999389648438,18.821352005004883,2971200
2014-11-24 00:00:00-05:00,22.0,22.125,21.80500030517578,22.030000686645508,18.941726684570312,3422800
2014-11-25 00:00:00-05:00,22.145000457763672,22.200000762939453,21.954999923706055,22.059999465942383,18.96752166748047,3326400
2014-11-26 00:00:00-05:00,22.030000686645508,22.545000076293945,22.030000686645508,22.524999618530273,19.36733627319336,2872600
2014-11-28 00:00:00-05:00,22.600000381469727,22.639999389648438,22.354999542236328,22.575000762939453,19.410322189331055,1501800
2014-12-01 00:00:00-05:00,22.524999618530273,22.78499984741211,22.325000762939453,22.364999771118164,19.229764938354492,3818400
2014-12-02 00:00:00-05:00,22.34000015258789,22.354999542236328,22.010000228881836,22.325000762939453,19.19537353515625,5265000
2014-12-03 00:00:00-05:00,22.469999313354492,23.375,22.46500015258789,23.295000076293945,20.02939224243164,6389000
2014-12-04 00:00:00-05:00,23.309999465942383,23.309999465942383,22.920000076293945,23.010000228881836,19.784343719482422,3162600
2014-12-05 00:00:00-05:00,23.03499984741211,23.165000915527344,22.93000030517578,23.145000457763672,19.900419235229492,2428400
2014-12-08 00:00:00-05:00,23.094999313354492,23.15999984741211,22.510000228881836,22.645000457763672,19.470516204833984,3200000
2014-12-09 00:00:00-05:00,22.489999771118164,22.770000457763672,22.399999618530273,22.704999923706055,19.522096633911133,9757800
2014-12-10 00:00:00-05:00,22.69499969482422,22.729999542236328,22.1299991607666,22.239999771118164,19.122282028198242,4452800
2014-12-11 00:00:00-05:00,23.014999389648438,23.014999389648438,22.299999237060547,22.344999313354492,19.212562561035156,2715600
2014-12-12 00:00:00-05:00,22.139999389648438,22.295000076293945,21.844999313354492,21.850000381469727,18.786954879760742,2694000
2014-12-15 00:00:00-05:00,22.03499984741211,22.43000030517578,21.549999237060547,21.565000534057617,18.541912078857422,4342400
2014-12-16 00:00:00-05:00,21.549999237060547,22.135000228881836,21.489999771118164,21.549999237060547,18.52901268005371,3674800
2014-12-17 00:00:00-05:00,21.549999237060547,21.889999389648438,21.34000015258789,21.854999542236328,18.791257858276367,4860600
2014-12-18 00:00:00-05:00,22.334999084472656,22.709999084472656,22.059999465942383,22.579999923706055,19.414627075195312,4467600
2014-12-19 00:00:00-05:00,22.604999542236328,22.7450008392334,22.364999771118164,22.639999389648438,19.466215133666992,5818000
2014-12-22 00:00:00-05:00,22.725000381469727,22.915000915527344,22.530000686645508,22.81999969482422,19.6209774017334,2450600
2014-12-23 00:00:00-05:00,23.03499984741211,23.264999389648438,22.8700008392334,22.895000457763672,19.68546485900879,3471200
2014-12-24 00:00:00-05:00,22.985000610351562,23.100000381469727,22.809999465942383,22.920000076293945,19.706960678100586,1104200
2014-12-26 00:00:00-05:00,22.93000030517578,23.040000915527344,22.84000015258789,22.854999542236328,19.651071548461914,965000
2014-12-29 00:00:00-05:00,22.764999389648438,22.93000030517578,22.68000030517578,22.760000228881836,19.56938934326172,1791200
2014-12-30 00:00:00-05:00,22.645000457763672,22.780000686645508,22.594999313354492,22.610000610351562,19.44041633605957,2422400
2014-12-31 00:00:00-05:00,22.75,22.895000457763672,22.545000076293945,22.55500030517578,19.393125534057617,2249000
2015-01-02 00:00:00-05:00,22.68000030517578,22.799999237060547,22.209999084472656,22.434999465942383,19.289947509765625,1968600
2015-01-05 00:00:00-05:00,22.329999923706055,22.389999389648438,21.920000076293945,21.934999465942383,18.86004638671875,2004000
2015-01-06 00:00:00-05:00,21.8799991607666,22.020000457763672,21.395000457763672,21.510000228881836,18.494617462158203,2809600
2015-01-07 00:00:00-05:00,21.719999313354492,21.760000228881836,21.3799991607666,21.6299991607666,18.59779930114746,2087200
2015-01-08 00:00:00-05:00,21.760000228881836,22.325000762939453,21.7450008392334,22.31999969482422,19.191070556640625,3038200
2015-01-09 00:00:00-05:00,22.43000030517578,22.469999313354492,22.09000015258789,22.260000228881836,19.13948631286621,2050400
2015-01-12 00:00:00-05:00,22.1200008392334,22.219999313354492,21.78499984741211,22.014999389648438,18.928831100463867,2125400
2015-01-13 00:00:00-05:00,22.44499969482422,22.760000228881836,21.825000762939453,21.985000610351562,18.903034210205078,4722400
2015-01-14 00:00:00-05:00,21.860000610351562,22.584999084472656,21.780000686645508,22.5049991607666,19.35013771057129,6163200
2015-01-15 00:00:00-05:00,22.825000762939453,22.915000915527344,22.200000762939453,22.229999542236328,19.113683700561523,3416200
2015-01-16 00:00:00-05:00,22.149999618530273,22.489999771118164,22.075000762939453,22.420000076293945,19.277053833007812,3386800
2015-01-20 00:00:00-05:00,22.610000610351562,22.704999923706055,22.360000610351562,22.6299991607666,19.45761489868164,2652000
2015-01-21 00:00:00-05:00,22.594999313354492,23.145000457763672,22.489999771118164,23.084999084472656,19.848831176757812,3010800
2015-01-22 00:00:00-05:00,23.309999465942383,23.334999084472656,22.760000228881836,23.270000457763672,20.007896423339844,3582000
2015-01-23 00:00:00-05:00,23.325000762939453,23.325000762939453,23.014999389648438,23.260000228881836,19.99929428100586,2265600
2015-01-26 00:00:00-05:00,23.149999618530273,23.405000686645508,23.0049991607666,23.395000457763672,20.115371704101562,1977600
2015-01-27 00:00:00-05:00,23.1299991607666,23.2549991607666,22.81999969482422,22.895000457763672,19.68546485900879,3433200
2015-01-28 00:00:00-05:00,23.075000762939453,23.354999542236328,22.844999313354492,22.854999542236328,19.651071548461914,4229800
2015-01-29 00:00:00-05:00,22.764999389648438,23.145000457763672,21.25,22.924999237060547,19.711261749267578,3875400
2015-01-30 00:00:00-05:00,23.395000457763672,23.670000076293945,22.520000457763672,22.549999237060547,19.388824462890625,6774200
2015-02-02 00:00:00-05:00,22.59000015258789,22.700000762939453,22.05500030517578,22.385000228881836,19.24695587158203,5274000
2015-02-03 00:00:00-05:00,22.514999389648438,22.825000762939453,22.40999984741211,22.795000076293945,19.59947967529297,5434400
2015-02-04 00:00:00-05:00,22.670000076293945,23.334999084472656,22.670000076293945,23.165000915527344,19.917613983154297,7229400
2015-02-05 00:00:00-05:00,23.7450008392334,24.584999084472656,23.7450008392334,24.520000457763672,21.082664489746094,36340800
2015-02-06 00:00:00-05:00,24.520000457763672,24.739999771118164,24.190000534057617,24.31999969482422,20.910703659057617,55782000
2015-02-09 00:00:00-05:00,24.125,24.360000610351562,23.864999771118164,23.940000534057617,20.58397102355957,6856400
2015-02-10 00:00:00-05:00,24.125,24.454999923706055,23.920000076293945,24.440000534057617,21.013877868652344,7348000
2015-02-11 00:00:00-05:00,24.440000534057617,24.530000686645508,24.260000228881836,24.434999465942383,21.009580612182617,5018800
2015-02-12 00:00:00-05:00,24.75,25.014999389648438,24.459999084472656,24.989999771118164,21.486774444580078,8938000
2015-02-13 00:00:00-05:00,25.7549991607666,25.84000015258789,25.014999389648438,25.354999542236328,21.800609588623047,7701400
2015-02-17 00:00:00-05:00,25.2450008392334,25.514999389648438,25.09000015258789,25.454999923706055,21.886594772338867,6692000
2015-02-18 00:00:00-05:00,25.334999084472656,25.40999984741211,25.15999984741211,25.354999542236328,21.800609588623047,4364800
2015-02-19 00:00:00-05:00,25.190000534057617,25.290000915527344,25.0,25.264999389648438,21.877239227294922,5048400
2015-02-20 00:00:00-05:00,25.155000686645508,25.46500015258789,24.9950008392334,25.46500015258789,22.050426483154297,6270800
2015-02-23 00:00:00-05:00,25.309999465942383,25.395000457763672,25.170000076293945,25.309999465942383,21.916208267211914,3811200
2015-02-24 00:00:00-05:00,25.364999771118164,25.809999465942383,25.299999237060547,25.764999389648438,22.310192108154297,5594600
2015-02-25 00:00:00-05:00,25.684999465942383,25.770000457763672,25.514999389648438,25.674999237060547,22.232263565063477,4398200
2015-02-26 00:00:00-05:00,25.739999771118164,25.780000686645508,25.53499984741211,25.735000610351562,22.284217834472656,4049200
2015-02-27 00:00:00-05:00,25.69499969482422,25.834999084472656,25.524999618530273,25.635000228881836,22.19762420654297,3278200
2015-03-02 00:00:00-05:00,25.80500030517578,26.219999313354492,25.75,26.204999923706055,22.69120216369629,3866400
2015-03-03 00:00:00-05:00,26.0,26.09000015258789,25.594999313354492,25.71500015258789,22.266904830932617,5262600
2015-03-04 00:00:00-05:00,25.639999389648438,25.770000457763672,25.424999237060547,25.739999771118164,22.288551330566406,4692000
2015-03-05 00:00:00-05:00,25.834999084472656,25.864999771118164,25.290000915527344,25.440000534057617,22.028778076171875,8892000
2015-03-06 00:00:00-05:00,25.264999389648438,25.59000015258789,25.25,25.375,21.972490310668945,5102200
2015-03-09 00:00:00-04:00,25.489999771118164,25.709999084472656,25.364999771118164,25.665000915527344,22.22361183166504,3657800
2015-03-10 00:00:00-04:00,25.350000381469727,25.450000762939453,24.764999389648438,24.764999389648438,21.444286346435547,5781800
2015-03-11 00:00:00-04:00,24.655000686645508,24.815000534057617,24.399999618530273,24.510000228881836,21.223478317260742,11333600
2015-03-12 00:00:00-04:00,24.295000076293945,24.885000228881836,24.290000915527344,24.844999313354492,21.51355743408203,8082400
2015-03-13 00:00:00-04:00,24.875,24.950000762939453,24.385000228881836,24.760000228881836,21.43995475769043,6241000
2015-03-16 00:00:00-04:00,24.975000381469727,25.264999389648438,24.850000381469727,25.21500015258789,21.833948135375977,4282800
2015-03-17 00:00:00-04:00,25.139999389648438,25.139999389648438,24.700000762939453,24.864999771118164,21.5308780670166,4005600
2015-03-18 00:00:00-04:00,24.78499984741211,25.165000915527344,24.395000457763672,25.104999542236328,21.738698959350586,4780600
2015-03-19 00:00:00-04:00,25.06999969482422,25.274999618530273,24.8799991607666,25.149999618530273,21.777658462524414,4221000
2015-03-20 00:00:00-04:00,25.325000762939453,25.614999771118164,25.170000076293945,25.434999465942383,22.024444580078125,8357600
2015-03-23 00:00:00-04:00,25.5,25.610000610351562,25.184999465942383,25.190000534057617,21.812299728393555,3662000
2015-03-24 00:00:00-04:00,25.219999313354492,25.360000610351562,24.795000076293945,24.809999465942383,21.48325538635254,8547800
2015-03-25 00:00:00-04:00,24.815000534057617,24.915000915527344,24.024999618530273,24.045000076293945,20.820829391479492,5894800
2015-03-26 00:00:00-04:00,23.829999923706055,24.235000610351562,23.44499969482422,24.104999542236328,20.872779846191406,5123600
2015-03-27 00:00:00-04:00,24.049999237060547,24.7450008392334,23.96500015258789,24.604999542236328,21.305736541748047,3420600
2015-03-30 00:00:00-04:00,24.655000686645508,25.084999084472656,24.594999313354492,24.94499969482422,21.600147247314453,4107400
2015-03-31 00:00:00-04:00,24.825000762939453,24.864999771118164,24.415000915527344,24.450000762939453,21.171524047851562,5884000
2015-04-01 00:00:00-04:00,24.399999618530273,24.434999465942383,23.93000030517578,24.155000686645508,20.916078567504883,4341800
2015-04-02 00:00:00-04:00,24.190000534057617,24.375,24.030000686645508,24.09000015258789,20.859800338745117,2643400
2015-04-06 00:00:00-04:00,23.934999465942383,24.25,23.59000015258789,24.15999984741211,20.9204158782959,3137600
2015-04-07 00:00:00-04:00,24.209999084472656,24.579999923706055,24.114999771118164,24.46500015258789,21.18451499938965,3355400
2015-04-08 00:00:00-04:00,24.354999542236328,24.520000457763672,24.239999771118164,24.459999084472656,21.1801815032959,4104600
2015-04-09 00:00:00-04:00,24.354999542236328,24.7450008392334,24.354999542236328,24.700000762939453,21.38800621032715,2815400
2015-04-10 00:00:00-04:00,24.799999237060547,25.05500030517578,24.670000076293945,25.0,21.647775650024414,3719800
2015-04-13 00:00:00-04:00,25.020000457763672,25.075000762939453,24.65999984741211,24.764999389648438,21.444286346435547,4025000
2015-04-14 00:00:00-04:00,24.655000686645508,24.71500015258789,24.364999771118164,24.399999618530273,21.128231048583984,3993000
2015-04-15 00:00:00-04:00,24.44499969482422,25.125,24.360000610351562,25.05500030517578,21.695396423339844,3675600
2015-04-16 00:00:00-04:00,24.864999771118164,25.184999465942383,24.829999923706055,25.1299991607666,21.760343551635742,3493200
2015-04-17 00:00:00-04:00,24.875,24.915000915527344,24.469999313354492,24.600000381469727,21.301414489746094,3405200
2015-04-20 00:00:00-04:00,24.774999618530273,24.920000076293945,24.645000457763672,24.80500030517578,21.478925704956055,1912200
2015-04-21 00:00:00-04:00,24.934999465942383,24.950000762939453,24.479999542236328,24.614999771118164,21.31439781188965,4745400
2015-04-22 00:00:00-04:00,24.729999542236328,24.729999542236328,24.309999465942383,24.649999618530273,21.344709396362305,3316200
2015-04-23 00:00:00-04:00,24.045000076293945,24.44499969482422,23.915000915527344,24.28499984741211,21.028650283813477,4558200
2015-04-24 00:00:00-04:00,24.15999984741211,24.170000076293945,23.510000228881836,23.665000915527344,20.491788864135742,5078000
2015-04-27 00:00:00-04:00,23.719999313354492,23.985000610351562,23.600000381469727,23.674999237060547,20.500444412231445,2884000
2015-04-28 00:00:00-04:00,23.670000076293945,24.014999389648438,23.53499984741211,23.969999313354492,20.75588607788086,3689600
2015-04-29 00:00:00-04:00,23.7450008392334,23.989999771118164,23.68000030517578,23.809999465942383,20.617340087890625,2794400
2015-04-30 00:00:00-04:00,23.719999313354492,23.934999465942383,23.665000915527344,23.829999923706055,20.63465690612793,5315000
2015-05-01 00:00:00-04:00,24.045000076293945,24.3700008392334,23.93000030517578,24.295000076293945,21.037307739257812,2894600
2015-05-04 00:00:00-04:00,24.434999465942383,24.475000381469727,24.325000762939453,24.420000076293945,21.14554214477539,3228800
2015-05-05 00:00:00-04:00,24.295000076293945,24.40999984741211,23.760000228881836,23.770000457763672,20.58271026611328,3498600
2015-05-06 00:00:00-04:00,23.875,23.954999923706055,23.364999771118164,23.55500030517578,20.39653205871582,4274800
2015-05-07 00:00:00-04:00,23.614999771118164,23.985000610351562,23.614999771118164,23.704999923706055,20.52642250061035,3170800
2015-05-08 00:00:00-04:00,24.0,24.9950008392334,23.920000076293945,24.485000610351562,21.201833724975586,8235200
2015-05-11 00:00:00-04:00,24.485000610351562,24.7549991607666,24.274999618530273,24.69499969482422,21.383670806884766,4676600
2015-05-12 00:00:00-04:00,24.584999084472656,24.690000534057617,24.209999084472656,24.545000076293945,21.253786087036133,4157800
2015-05-13 00:00:00-04:00,24.69499969482422,24.985000610351562,24.385000228881836,24.829999923706055,21.500572204589844,3021800
2015-05-14 00:00:00-04:00,24.895000457763672,25.065000534057617,24.7450008392334,24.924999237060547,21.58283233642578,3334800
2015-05-15 00:00:00-04:00,24.985000610351562,25.020000457763672,24.545000076293945,24.6299991607666,21.32738494873047,4158400
2015-05-18 00:00:00-04:00,24.604999542236328,24.684999465942383,24.40999984741211,24.489999771118164,21.206161499023438,4114200
2015-05-19 00:00:00-04:00,24.375,24.459999084472656,24.075000762939453,24.15999984741211,21.074447631835938,3770200
2015-05-20 00:00:00-04:00,24.2450008392334,24.510000228881836,24.1299991607666,24.34000015258789,21.231454849243164,3374400
2015-05-21 00:00:00-04:00,24.350000381469727,24.350000381469727,23.969999313354492,24.19499969482422,21.104976654052734,6848800
2015-05-22 00:00:00-04:00,24.09000015258789,24.28499984741211,24.084999084472656,24.200000762939453,21.109342575073242,1868200
2015-05-26 00:00:00-04:00,24.079999923706055,24.15999984741211,23.799999237060547,23.8799991607666,20.8302059173584,2683000
2015-05-27 00:00:00-04:00,23.905000686645508,24.315000534057617,23.834999084472656,24.25,21.152950286865234,4940600
2015-05-28 00:00:00-04:00,24.225000381469727,24.489999771118164,24.19499969482422,24.440000534057617,21.318687438964844,2743400
2015-05-29 00:00:00-04:00,24.469999313354492,24.71500015258789,24.385000228881836,24.565000534057617,21.427719116210938,3866200
2015-06-01 00:00:00-04:00,24.625,24.75,24.415000915527344,24.545000076293945,21.4102725982666,2882600
2015-06-02 00:00:00-04:00,24.334999084472656,24.3799991607666,24.104999542236328,24.145000457763672,21.061365127563477,3037000
2015-06-03 00:00:00-04:00,24.264999389648438,24.34000015258789,23.985000610351562,24.010000228881836,20.943601608276367,1680000
2015-06-04 00:00:00-04:00,23.834999084472656,24.190000534057617,23.56999969482422,23.655000686645508,20.633943557739258,3735600
2015-06-05 00:00:00-04:00,23.56999969482422,23.78499984741211,23.485000610351562,23.729999542236328,20.699359893798828,2197200
2015-06-08 00:00:00-04:00,23.684999465942383,23.78499984741211,23.260000228881836,23.329999923706055,20.350446701049805,2702800
2015-06-09 00:00:00-04:00,22.950000762939453,23.604999542236328,22.1299991607666,23.420000076293945,20.428953170776367,3018400
2015-06-10 00:00:00-04:00,23.5,23.80500030517578,23.475000381469727,23.7549991607666,20.721168518066406,2058000
2015-06-11 00:00:00-04:00,23.780000686645508,23.875,23.709999084472656,23.81999969482422,20.777864456176758,2472200
2015-06-12 00:00:00-04:00,23.719999313354492,23.809999465942383,23.579999923706055,23.68000030517578,20.655742645263672,2648000
2015-06-15 00:00:00-04:00,23.450000762939453,23.915000915527344,23.389999389648438,23.799999237060547,20.76042366027832,3297600
2015-06-16 00:00:00-04:00,23.690000534057617,23.954999923706055,23.684999465942383,23.8700008392334,20.82148551940918,2580400
2015-06-17 00:00:00-04:00,23.950000762939453,24.05500030517578,23.80500030517578,23.950000762939453,20.891263961791992,4373800
2015-06-18 00:00:00-04:00,24.05500030517578,24.549999237060547,24.03499984741211,24.5049991607666,21.375381469726562,5171600
2015-06-19 00:00:00-04:00,24.579999923706055,24.90999984741211,24.395000457763672,24.834999084472656,21.663236618041992,9706400
2015-06-22 00:00:00-04:00,24.959999084472656,25.2450008392334,24.860000610351562,25.204999923706055,21.985980987548828,4764800
2015-06-23 00:00:00-04:00,25.28499984741211,25.354999542236328,25.05500030517578,25.100000381469727,21.894390106201172,4317600
2015-06-24 00:00:00-04:00,25.104999542236328,25.110000610351562,24.729999542236328,24.739999771118164,21.580371856689453,3547000
2015-06-25 00:00:00-04:00,24.825000762939453,24.940000534057617,24.665000915527344,24.670000076293945,21.519311904907227,4497200
2015-06-26 00:00:00-04:00,24.59000015258789,24.704999923706055,24.145000457763672,24.209999084472656,21.11805534362793,4225800
2015-06-29 00:00:00-04:00,23.895000457763672,24.09000015258789,23.559999465942383,23.600000381469727,20.585962295532227,3795600
2015-06-30 00:00:00-04:00,23.834999084472656,24.049999237060547,23.625,23.71500015258789,20.686275482177734,3660200
2015-07-01 00:00:00-04:00,23.950000762939453,23.979999542236328,23.19499969482422,23.31999969482422,20.341724395751953,4928400
2015-07-02 00:00:00-04:00,23.424999237060547,23.469999313354492,22.985000610351562,23.264999389648438,20.293750762939453,3978200
2015-07-06 00:00:00-04:00,23.014999389648438,23.014999389648438,22.584999084472656,22.885000228881836,19.962270736694336,5610400
2015-07-07 00:00:00-04:00,23.059999465942383,23.059999465942383,22.31999969482422,22.834999084472656,19.918663024902344,4973000
2015-07-08 00:00:00-04:00,22.594999313354492,22.739999771118164,22.1299991607666,22.344999313354492,19.491247177124023,5936800
2015-07-09 00:00:00-04:00,22.670000076293945,22.850000381469727,22.084999084472656,22.09000015258789,19.268814086914062,3523400
2015-07-10 00:00:00-04:00,22.315000534057617,22.575000762939453,22.295000076293945,22.424999237060547,19.56102752685547,3433000
2015-07-13 00:00:00-04:00,22.530000686645508,22.614999771118164,22.344999313354492,22.475000381469727,19.60464859008789,2955200
2015-07-14 00:00:00-04:00,22.559999465942383,22.690000534057617,22.469999313354492,22.610000610351562,19.722402572631836,3214800
2015-07-15 00:00:00-04:00,22.549999237060547,22.649999618530273,22.315000534057617,22.485000610351562,19.61336326599121,2950800
2015-07-16 00:00:00-04:00,22.520000457763672,22.934999465942383,22.030000686645508,22.2549991607666,19.412736892700195,5633000
2015-07-17 00:00:00-04:00,22.155000686645508,22.21500015258789,21.934999465942383,22.170000076293945,19.33859634399414,4512400
2015-07-20 00:00:00-04:00,22.264999389648438,22.295000076293945,21.905000686645508,21.9950008392334,19.185945510864258,4124600
2015-07-21 00:00:00-04:00,21.9950008392334,22.299999237060547,21.854999542236328,21.899999618530273,19.103078842163086,5164400
2015-07-22 00:00:00-04:00,21.264999389648438,21.434999465942383,20.84000015258789,21.045000076293945,18.357267379760742,11137200
2015-07-23 00:00:00-04:00,21.184999465942383,21.80500030517578,21.06999969482422,21.334999084472656,18.6102352142334,6638800
2015-07-24 00:00:00-04:00,21.360000610351562,21.56999969482422,20.454999923706055,20.934999465942383,18.261323928833008,7461200
2015-07-27 00:00:00-04:00,20.81999969482422,21.010000228881836,20.575000762939453,20.889999389648438,18.222064971923828,5364600
2015-07-28 00:00:00-04:00,20.6299991607666,21.440000534057617,20.56999969482422,21.329999923706055,18.605871200561523,5149800
2015-07-29 00:00:00-04:00,21.299999237060547,21.5049991607666,21.219999313354492,21.385000228881836,18.653852462768555,5000000
2015-07-30 00:00:00-04:00,21.360000610351562,21.549999237060547,21.280000686645508,21.454999923706055,18.71491050720215,7370000
2015-07-31 00:00:00-04:00,21.475000381469727,21.485000610351562,21.344999313354492,21.420000076293945,18.68437957763672,3512000
2015-08-03 00:00:00-04:00,21.094999313354492,21.420000076293945,21.0049991607666,21.395000457763672,18.662572860717773,5954200
2015-08-04 00:00:00-04:00,21.045000076293945,21.399999618530273,20.719999313354492,21.395000457763672,18.662572860717773,14268000
2015-08-05 00:00:00-04:00,21.565000534057617,22.084999084472656,21.53499984741211,21.915000915527344,19.11616325378418,9822400
2015-08-06 00:00:00-04:00,21.934999465942383,21.934999465942383,21.44499969482422,21.614999771118164,18.854473114013672,5171200
2015-08-07 00:00:00-04:00,21.559999465942383,21.799999237060547,21.43000030517578,21.780000686645508,18.998401641845703,4256200
2015-08-10 00:00:00-04:00,22.0,22.315000534057617,21.93000030517578,22.209999084472656,19.373485565185547,3699400
2015-08-11 00:00:00-04:00,21.9950008392334,22.020000457763672,21.735000610351562,21.860000610351562,19.06818199157715,5421000
2015-08-12 00:00:00-04:00,21.6200008392334,22.040000915527344,21.43000030517578,21.924999237060547,19.1248836517334,4760000
2015-08-13 00:00:00-04:00,21.885000228881836,21.920000076293945,21.639999389648438,21.69499969482422,18.92425537109375,3315200
2015-08-14 00:00:00-04:00,21.614999771118164,21.69499969482422,21.30500030517578,21.645000457763672,18.880647659301758,3614200
2015-08-17 00:00:00-04:00,21.55500030517578,21.795000076293945,21.399999618530273,21.760000228881836,18.980955123901367,3455800
2015-08-18 00:00:00-04:00,21.670000076293945,21.75,21.420000076293945,21.46500015258789,18.7236328125,4235400
2015-08-19 00:00:00-04:00,21.46500015258789,21.579999923706055,21.06999969482422,21.34000015258789,18.61460304260254,4911400
2015-08-20 00:00:00-04:00,21.06999969482422,21.270000457763672,20.760000228881836,20.764999389648438,18.113035202026367,4720600
2015-08-21 00:00:00-04:00,20.684999465942383,20.924999237060547,20.399999618530273,20.420000076293945,17.812097549438477,6405800
2015-08-24 00:00:00-04:00,19.0,20.854999542236328,18.885000228881836,20.06999969482422,17.506790161132812,10347600
2015-08-25 00:00:00-04:00,20.674999237060547,20.770000457763672,19.78499984741211,19.78499984741211,17.258190155029297,7894600
2015-08-26 00:00:00-04:00,20.290000915527344,20.610000610351562,19.90999984741211,20.545000076293945,17.92113494873047,9333200
2015-08-27 00:00:00-04:00,20.915000915527344,21.3700008392334,20.815000534057617,21.364999771118164,18.63640022277832,5745400
2015-08-28 00:00:00-04:00,21.25,21.655000686645508,21.225000381469727,21.6200008392334,18.858835220336914,4735200
2015-08-31 00:00:00-04:00,21.510000228881836,21.614999771118164,21.239999771118164,21.25,18.536088943481445,4151600
2015-09-01 00:00:00-04:00,20.725000381469727,20.875,20.079999923706055,20.170000076293945,17.59402084350586,6894000
2015-09-02 00:00:00-04:00,20.420000076293945,20.559999465942383,20.110000610351562,20.545000076293945,17.92113494873047,7566400
2015-09-03 00:00:00-04:00,20.645000457763672,20.924999237060547,20.56999969482422,20.8700008392334,18.204618453979492,5024200
2015-09-04 00:00:00-04:00,20.549999237060547,20.735000610351562,20.424999237060547,20.5,17.881874084472656,3791600
2015-09-08 00:00:00-04:00,21.760000228881836,22.5,21.315000534057617,22.43000030517578,19.565387725830078,11262600
2015-09-09 00:00:00-04:00,22.514999389648438,22.875,22.139999389648438,22.184999465942383,19.50735092163086,11532400
2015-09-10 00:00:00-04:00,22.114999771118164,22.315000534057617,21.684999465942383,22.100000381469727,19.432615280151367,6696400
2015-09-11 00:00:00-04:00,21.924999237060547,22.325000762939453,21.815000534057617,21.94499969482422,19.29632568359375,5936000
2015-09-14 00:00:00-04:00,22.024999618530273,22.15999984741211,21.885000228881836,21.959999084472656,19.30950927734375,5370200
2015-09-15 00:00:00-04:00,22.084999084472656,22.174999237060547,21.889999389648438,22.0049991607666,19.349079132080078,6048800
2015-09-16 00:00:00-04:00,21.985000610351562,22.014999389648438,21.854999542236328,21.954999923706055,19.305118560791016,5973400
2015-09-17 00:00:00-04:00,21.94499969482422,22.0,21.545000076293945,21.665000915527344,19.05011558532715,6366600
2015-09-18 00:00:00-04:00,21.405000686645508,21.65999984741211,21.25,21.399999618530273,18.817100524902344,5048400
2015-09-21 00:00:00-04:00,21.600000381469727,21.684999465942383,21.280000686645508,21.364999771118164,18.78632164001465,2482000
2015-09-22 00:00:00-04:00,21.020000457763672,21.440000534057617,20.8799991607666,20.9950008392334,18.460987091064453,2679600
2015-09-23 00:00:00-04:00,20.959999084472656,21.145000457763672,20.625,20.674999237060547,18.179609298706055,3902800
2015-09-24 00:00:00-04:00,20.489999771118164,20.7549991607666,20.045000076293945,20.639999389648438,18.148834228515625,3061800
2015-09-25 00:00:00-04:00,20.799999237060547,20.975000381469727,20.510000228881836,20.690000534057617,18.192792892456055,1895000
2015-09-28 00:00:00-04:00,20.739999771118164,20.8700008392334,20.415000915527344,20.43000030517578,17.96417999267578,5433600
2015-09-29 00:00:00-04:00,20.5,20.885000228881836,20.3700008392334,20.834999084472656,18.320297241210938,3887600
2015-09-30 00:00:00-04:00,21.094999313354492,21.579999923706055,20.84000015258789,21.545000076293945,18.944599151611328,3994200
2015-10-01 00:00:00-04:00,21.545000076293945,21.6299991607666,20.790000915527344,21.094999313354492,18.548912048339844,5092400
2015-10-02 00:00:00-04:00,20.80500030517578,21.69499969482422,20.674999237060547,21.690000534057617,19.07210350036621,5392400
2015-10-05 00:00:00-04:00,21.850000381469727,22.7549991607666,21.844999313354492,22.540000915527344,19.81951141357422,5914400
2015-10-06 00:00:00-04:00,22.44499969482422,22.739999771118164,22.260000228881836,22.68000030517578,19.942609786987305,4444800
2015-10-07 00:00:00-04:00,22.75,23.149999618530273,22.559999465942383,22.989999771118164,20.215192794799805,3773400
2015-10-08 00:00:00-04:00,22.94499969482422,23.350000381469727,22.799999237060547,23.325000762939453,20.5097599029541,4246000
2015-10-09 00:00:00-04:00,23.25,23.549999237060547,23.06999969482422,23.135000228881836,20.342697143554688,2410000
2015-10-12 00:00:00-04:00,23.045000076293945,23.270000457763672,22.875,23.139999389648438,20.347091674804688,2810800
2015-10-13 00:00:00-04:00,23.010000228881836,23.104999542236328,22.885000228881836,23.030000686645508,20.2503719329834,3341400
2015-10-14 00:00:00-04:00,22.985000610351562,24.084999084472656,22.985000610351562,23.655000686645508,20.7999324798584,7240800
2015-10-15 00:00:00-04:00,23.864999771118164,24.184999465942383,23.604999542236328,23.665000915527344,20.80872344970703,5378400
2015-10-16 00:00:00-04:00,23.674999237060547,23.709999084472656,23.34000015258789,23.469999313354492,20.63726043701172,3632400
2015-10-19 00:00:00-04:00,23.440000534057617,23.75,23.389999389648438,23.614999771118164,20.76476287841797,2901200
2015-10-20 00:00:00-04:00,23.5,23.780000686645508,23.475000381469727,23.700000762939453,20.83949851989746,2346000
2015-10-21 00:00:00-04:00,23.84000015258789,24.1200008392334,23.545000076293945,23.579999923706055,20.733983993530273,4100600
2015-10-22 00:00:00-04:00,23.96500015258789,24.485000610351562,23.760000228881836,24.43000030517578,21.48139190673828,7051200
2015-10-23 00:00:00-04:00,24.69499969482422,24.774999618530273,24.295000076293945,24.55500030517578,21.59130096435547,4584400
2015-10-26 00:00:00-04:00,24.5049991607666,24.799999237060547,24.18000030517578,24.2549991607666,21.327512741088867,3202000
2015-10-27 00:00:00-04:00,24.065000534057617,24.625,23.895000457763672,23.96500015258789,21.07251739501953,4337600
2015-10-28 00:00:00-04:00,23.979999542236328,24.299999237060547,23.764999389648438,24.280000686645508,21.34950065612793,3787400
2015-10-29 00:00:00-04:00,24.014999389648438,24.114999771118164,23.600000381469727,23.69499969482422,20.83510398864746,3854800
2015-10-30 00:00:00-04:00,23.704999923706055,24.209999084472656,23.704999923706055,24.145000457763672,21.230791091918945,5110200
2015-11-02 00:00:00-05:00,24.100000381469727,24.475000381469727,24.045000076293945,24.44499969482422,21.494577407836914,3358800
2015-11-03 00:00:00-05:00,24.459999084472656,24.4950008392334,24.184999465942383,24.40999984741211,21.463808059692383,2809200
2015-11-04 00:00:00-05:00,24.375,24.559999465942383,24.209999084472656,24.4950008392334,21.538545608520508,4368000
2015-11-05 00:00:00-05:00,24.875,24.920000076293945,23.65999984741211,23.954999923706055,21.0637264251709,5380800
2015-11-06 00:00:00-05:00,23.790000915527344,24.084999084472656,23.700000762939453,23.924999237060547,21.037342071533203,5911000
2015-11-09 00:00:00-05:00,23.770000457763672,23.940000534057617,23.459999084472656,23.90999984741211,21.024152755737305,5819400
2015-11-10 00:00:00-05:00,23.7549991607666,23.790000915527344,23.469999313354492,23.579999923706055,20.733983993530273,3222400
2015-11-11 00:00:00-05:00,23.610000610351562,23.809999465942383,23.540000915527344,23.549999237060547,20.707597732543945,2144800
2015-11-12 00:00:00-05:00,23.395000457763672,23.69499969482422,23.174999237060547,23.184999465942383,20.386661529541016,3755400
2015-11-13 00:00:00-05:00,23.174999237060547,23.479999542236328,22.764999389648438,22.81999969482422,20.065715789794922,3070000
2015-11-16 00:00:00-05:00,22.0049991607666,22.989999771118164,22.0049991607666,22.975000381469727,20.202007293701172,3523600
2015-11-17 00:00:00-05:00,22.924999237060547,23.155000686645508,22.815000534057617,23.040000915527344,20.259157180786133,2866000
2015-11-18 00:00:00-05:00,22.84000015258789,23.53499984741211,22.834999084472656,23.489999771118164,20.817028045654297,3342200
2015-11-19 00:00:00-05:00,23.53499984741211,23.790000915527344,23.21500015258789,23.59000015258789,20.90565299987793,2284000
2015-11-20 00:00:00-05:00,23.674999237060547,23.80500030517578,23.514999389648438,23.690000534057617,20.99427032470703,2172000
2015-11-23 00:00:00-05:00,23.7450008392334,23.7450008392334,23.21500015258789,23.299999237060547,20.648651123046875,2395200
2015-11-24 00:00:00-05:00,23.239999771118164,23.639999389648438,22.815000534057617,23.614999771118164,20.92780303955078,3159800
2015-11-25 00:00:00-05:00,23.594999313354492,23.709999084472656,23.440000534057617,23.575000762939453,20.89235496520996,2184000
2015-11-27 00:00:00-05:00,23.579999923706055,23.899999618530273,23.440000534057617,23.844999313354492,21.131633758544922,1441800
2015-11-30 00:00:00-05:00,23.854999542236328,24.264999389648438,23.829999923706055,24.139999389648438,21.3930606842041,4334000
2015-12-01 00:00:00-05:00,24.274999618530273,24.34000015258789,23.959999084472656,24.2450008392334,21.486120223999023,3369200
2015-12-02 00:00:00-05:00,24.045000076293945,24.200000762939453,23.25,23.329999923706055,20.67523765563965,6016600
2015-12-03 00:00:00-05:00,23.524999618530273,23.709999084472656,23.03499984741211,23.21500015258789,20.573322296142578,3651200
2015-12-04 00:00:00-05:00,23.2450008392334,23.7450008392334,23.075000762939453,23.684999465942383,20.989835739135742,5700200
2015-12-07 00:00:00-05:00,23.6200008392334,23.739999771118164,23.274999618530273,23.34000015258789,20.684101104736328,2878400
2015-12-08 00:00:00-05:00,23.084999084472656,23.174999237060547,22.875,23.104999542236328,20.475845336914062,3355800
2015-12-09 00:00:00-05:00,23.0049991607666,23.139999389648438,22.655000686645508,22.7549991607666,20.165668487548828,3536200
2015-12-10 00:00:00-05:00,22.739999771118164,22.834999084472656,22.5,22.674999237060547,20.094770431518555,3040200
2015-12-11 00:00:00-05:00,22.440000534057617,22.709999084472656,22.290000915527344,22.31999969482422,19.780162811279297,4328200
2015-12-14 00:00:00-05:00,22.40999984741211,22.489999771118164,22.079999923706055,22.30500030517578,19.766874313354492,3360200
2015-12-15 00:00:00-05:00,22.450000762939453,23.149999618530273,22.450000762939453,23.03499984741211,20.413806915283203,6661200
2015-12-16 00:00:00-05:00,23.19499969482422,23.649999618530273,22.915000915527344,23.55500030517578,20.874629974365234,6480800
2015-12-17 00:00:00-05:00,23.774999618530273,23.950000762939453,23.219999313354492,23.219999313354492,20.57775115966797,4716200
2015-12-18 00:00:00-05:00,23.020000457763672,23.165000915527344,22.764999389648438,23.045000076293945,20.42266273498535,12320400
2015-12-21 00:00:00-05:00,23.100000381469727,23.440000534057617,23.100000381469727,23.424999237060547,20.75942039489746,3813200
2015-12-22 00:00:00-05:00,23.53499984741211,23.6299991607666,23.375,23.584999084472656,20.901220321655273,2290800
2015-12-23 00:00:00-05:00,23.670000076293945,23.780000686645508,23.53499984741211,23.655000686645508,20.9632511138916,1829400
2015-12-24 00:00:00-05:00,23.575000762939453,23.799999237060547,23.575000762939453,23.6299991607666,20.94110107421875,742200
2015-12-28 00:00:00-05:00,23.559999465942383,23.780000686645508,23.264999389648438,23.764999389648438,21.06073570251465,3586000
2015-12-29 00:00:00-05:00,23.8700008392334,24.174999237060547,23.764999389648438,24.059999465942383,21.322168350219727,2085200
2015-12-30 00:00:00-05:00,24.0049991607666,24.09000015258789,23.799999237060547,23.8700008392334,21.153789520263672,1993800
